prospect_name,resource_name,job_title,company_name,email,phone,timezone
Michael Chen,Alice Rivera,VP of IT,Contoso Ltd,michael.chen@contoso.com,+1-646-555-0175,America/New_York
Priya Nair,Alice Rivera,Head of FP&A,Fabrikam Inc,priya.nair@fabrikam.co,+44-20-7946-0958,Europe/London
Diego Alvarez,Alice Rivera,Oracle Applications Manager,Globex Corporation,diego.alvarez@globex.com,+34-91-555-0101,Europe/Madrid
Sofia Rossi,Alice Rivera,Finance Systems Lead,Initech,sofia.rossi@initech.com,+61-2-5550-6060,Australia/Sydney
Liam O'Connor,Alice Rivera,CIO,Acme Corp,liam.oconnor@acme.com,+1-415-555-0123,America/Los_Angeles
Aisha Khan,Alice Rivera,Director of Finance,Blue Yonder Ltd,aisha.khan@blueyonder.co.uk,+44-161-555-0199,Europe/London
Hiro Tanaka,Alice Rivera,IT Director,Nippon Kogyo,hiro.tanaka@nipponkogyo.jp,+81-3-5550-1122,Asia/Tokyo
Emma Johansson,Alice Rivera,CFO,Nordica AB,emma.johansson@nordica.se,+46-8-555-01010,Europe/Stockholm
Carlos Mendes,Alice Rivera,Head of IT,Lusitania SA,carlos.mendes@lusitania.pt,+351-21-555-0202,Europe/Lisbon
Fatima Zahra,Alice Rivera,ERP Manager,Atlas Holdings,fatima.zahra@atlas.ma,+212-5-20-55-55-55,Africa/Casablanca
Jean Dupont,Alice Rivera,Finance Director,Compagnie Lumière,jean.dupont@lumieresa.fr,+33-1-55-55-55-55,Europe/Paris
Anna Müller,Alice Rivera,Head of Controlling,AlpenTech GmbH,anna.mueller@alpentech.de,+49-89-555-0101,Europe/Berlin
Ravi Patel,Alice Rivera,CTO,TechMahika,ravi.patel@techmahika.in,+91-22-5550-9090,Asia/Kolkata
Isabella Garcia,Alice Rivera,Applications Lead,Solara Energia,isabella.garcia@solara.com.br,+55-11-5550-7788,America/Sao_Paulo